{"cameraMode":{"drawMode":0,"name":"Shaded","section":"Shading Mode"},"sceneLighting":true,"audioPlay":false,"sceneViewState":{"m_AlwaysRefresh":true,"showFog":true,"showSkybox":true,"showFlares":true,"showImageEffects":true,"showParticleSystems":true,"showVisualEffectGraphs":true,"m_FxEnabled":true},"in2DMode":false,"pivot":{"x":-3.3872408866882326,"y":4.080421447753906,"z":5.188174247741699},"rotation":{"x":-0.045290060341358188,"y":-0.009891750290989876,"z":0.0004382794722914696,"w":-0.9988988637924194},"size":10.08491325378418,"orthographic":false}