{"cameraMode":{"drawMode":0,"name":"Shaded","section":"Shading Mode"},"sceneLighting":true,"audioPlay":false,"sceneViewState":{"m_AlwaysRefresh":true,"showFog":true,"showSkybox":true,"showFlares":true,"showImageEffects":true,"showParticleSystems":true,"showVisualEffectGraphs":true,"m_FxEnabled":false},"in2DMode":false,"pivot":{"x":-4.121220111846924,"y":0.9705085158348084,"z":-2.728581428527832},"rotation":{"x":0.22104717791080476,"y":-0.014632532373070717,"z":0.0032973382622003557,"w":0.9752112627029419},"size":2.6178977489471437,"orthographic":false}