{"cameraMode":{"drawMode":0,"name":"Shaded","section":"Shading Mode"},"sceneLighting":true,"audioPlay":false,"sceneViewState":{"m_AlwaysRefresh":true,"showFog":true,"showSkybox":true,"showFlares":true,"showImageEffects":true,"showParticleSystems":true,"showVisualEffectGraphs":true,"m_FxEnabled":true},"in2DMode":false,"pivot":{"x":-1.9905827045440674,"y":3.844162940979004,"z":4.316110610961914},"rotation":{"x":-0.06474978476762772,"y":-0.018860017880797387,"z":0.0012274020118638874,"w":-0.9976880550384522},"size":10.97491455078125,"orthographic":false}