{"cameraMode":{"drawMode":0,"name":"Shaded","section":"Shading Mode"},"sceneLighting":true,"audioPlay":false,"sceneViewState":{"m_AlwaysRefresh":true,"showFog":true,"showSkybox":true,"showFlares":true,"showImageEffects":true,"showParticleSystems":true,"showVisualEffectGraphs":true,"m_FxEnabled":true},"in2DMode":false,"pivot":{"x":-0.9228313565254211,"y":-30.826040267944337,"z":26.137115478515626},"rotation":{"x":-0.3388834297657013,"y":-0.016026804223656656,"z":0.0066460296511650089,"w":-0.9403746128082275},"size":31.37810516357422,"orthographic":false}