{"cameraMode":{"drawMode":0,"name":"Shaded","section":"Shading Mode"},"sceneLighting":true,"audioPlay":false,"sceneViewState":{"m_AlwaysRefresh":true,"showFog":true,"showSkybox":true,"showFlares":true,"showImageEffects":true,"showParticleSystems":true,"showVisualEffectGraphs":true,"m_FxEnabled":true},"in2DMode":false,"pivot":{"x":-156.89613342285157,"y":50.8673095703125,"z":51.675140380859378},"rotation":{"x":0.29749491810798647,"y":-0.0406779870390892,"z":0.011874263174831868,"w":0.9535143375396729},"size":163.59214782714845,"orthographic":false}